"title"|"subtitle"|"category"|"tags"|"author"|"image"|"preview"|"body"|"date"
"test%20post%2024"|"ewfdsfsdfsd"|"cat1"|"tag8,tag9"|"admin"|"https://www.go.com/sdfsdf.jpg"|"jlhkjhkhjkhjk"|"%3Cp%3Etest%3C%2Fp%3E"|"1577252369580"
"test%20post%2023"|"ewfdsfsdfsd"|"cat1"|"tag8,tag9"|"admin"|"https://www.go.com/sdfsdf.jpg"|"jlhkjhkhjkhjk"|"%3Cp%3Etest%3C%2Fp%3E"|"1577252263196"
"test%20post%2022"|"ewfdsfsdfsd"|"cat1"|"tag8,tag9"|"admin"|"https://www.go.com/sdfsdf.jpg"|"jlhkjhkhjkhjk"|"%3Cp%3Etest%3C%2Fp%3E"|"1577252191899"
"test%20post%2021"|"ewfdsfsdfsd"|"cat2"|"tag8,tag12"|"admin"|"https://www.go.com/sdfsdf.jpg"|"jlhkjhkhjkhjk"|"%3Cp%3Etest%3C%2Fp%3E"|"1577181431239"
"test%20post%2020"|"ewfdsfsdfsd"|"cat2"|"tag8,tag14"|"admin"|"https://www.go.com/sdfsdf.jpg"|"jlhkjhkhjkhjk"|"%3Cp%3Etest%3C%2Fp%3E"|"1577181120254"
"test%20post%2019"|"ewfdsfsdfsd"|"cat1"|"tag8,tag13"|"admin"|"https://www.go.com/sdfsdf.jpg"|"jlhkjhkhjkhjk"|"%3Cp%3Etest%3C%2Fp%3E"|"1577181105040"
"test%20post%2018"|"ewfdsfsdfsd"|"cat1"|"tag8,tag12"|"admin"|"https://www.go.com/sdfsdf.jpg"|"jlhkjhkhjkhjk"|"%3Cp%3Etest%3C%2Fp%3E"|"1577181094230"
"test%20post%2017"|"ewfdsfsdfsd"|"cat1"|"tag9,tag12"|"admin"|"https://www.go.com/sdfsdf.jpg"|"jlhkjhkhjkhjk"|"%3Cp%3Etest%3C%2Fp%3E"|"1577181081568"
"test%20post%2016"|"ewfdsfsdfsd"|"cat1"|"tag9,tag11"|"admin"|"https://www.go.com/sdfsdf.jpg"|"jlhkjhkhjkhjk"|"%3Cp%3Etest%3C%2Fp%3E"|"1577181070113"
"test%20post%2015"|"ewfdsfsdfsd"|"cat1"|"tag9,tag10"|"admin"|"https://www.go.com/sdfsdf.jpg"|"jlhkjhkhjkhjk"|"%3Cp%3Etest%3C%2Fp%3E"|"1577177327063"
"test%20post%2014"|"ewfdsfsdfsd"|"cat1"|"tag8,tag10"|"admin"|"https://www.go.com/sdfsdf.jpg"|"jlhkjhkhjkhjk"|"%3Cp%3Etest%3C%2Fp%3E"|"1577177310998"
"test%20post%2013"|"ewfdsfsdfsd"|"cat2"|"tag11,tag12,11"|"admin"|"https://www.go.com/sdfsdf.jpg"|"jlhkjhkhjkhjk"|"%3Cp%3Etest%3C%2Fp%3E"|"1577177247413"
"test%20post%2012"|"ewfdsfsdfsd"|"cat3"|"tag14,tag13"|"admin"|"https://www.go.com/sdfsdf.jpg"|"jlhkjhkhjkhjk"|"%3Cp%3Etest%3C%2Fp%3E"|"1577177184361"
"test%20post%2011"|"ewfdsfsdfsd"|"cat3"|"tag14,tag13"|"admin"|"https://www.go.com/sdfsdf.jpg"|"jlhkjhkhjkhjk"|"%3Cp%3Etest%3C%2Fp%3E"|"1577169962984"
"test%20post%2010"|"ewfdsfsdfsd"|"cat3"|"tag14,tag12"|"admin"|"https://www.go.com/sdfsdf.jpg"|"jlhkjhkhjkhjk"|"%3Cp%3Etest%3C%2Fp%3E"|"1577169921634"
"test%20post%209"|"ewfdsfsdfsd"|"cat3"|"tag14,tag10"|"admin"|"https://www.go.com/sdfsdf.jpg"|"jlhkjhkhjkhjk"|"%3Cp%3Etest%3C%2Fp%3E"|"1577169542419"
"test%20post%208"|"ewfdsfsdfsd"|"cat3"|"tag14,tag13"|"admin"|"https://www.go.com/sdfsdf.jpg"|"jlhkjhkhjkhjk"|"%3Cp%3Etest%3C%2Fp%3E"|"1577169357902"
"test%20post%207"|"ewfdsfsdfsd"|"cat3"|"tag10,tag13"|"admin"|"https://www.go.com/sdfsdf.jpg"|"jlhkjhkhjkhjk"|"%3Cp%3Etest%3C%2Fp%3E"|"1577169222599"
"test%20post%206"|"ewfdsfsdfsd"|"cat3"|"tag10,tag12"|"admin"|"https://www.go.com/sdfsdf.jpg"|"jlhkjhkhjkhjk"|"%3Cp%3Etest%3C%2Fp%3E"|"1577169118363"
"test%20post%205"|"ewfdsfsdfsd"|"cat3"|"tag10,tag11"|"admin"|"https://www.go.com/sdfsdf.jpg"|"jlhkjhkhjkhjk"|"%3Cp%3Etest%3C%2Fp%3E"|"1577167529060"
"test%20post%204"|"ewfdsfsdfsd"|"cat1"|"tag10,tag11"|"admin"|"https://www.go.com/sdfsdf.jpg"|"jlhkjhkhjkhjk"|"%3Cp%3Etest%3C%2Fp%3E"|"1577165213868"
"test%20post%203"|"ewfdsfsdfsd"|"cat1"|"tag10,tag11"|"admin"|"https://www.go.com/sdfsdf.jpg"|"jlhkjhkhjkhjk"|"%3Cp%3Etest%3C%2Fp%3E"|"1577160640213"
"test%20post%202"|"ewfdsfsdfsd"|"cat2"|"tag10,11"|"admin"|"https://www.go.com/sdfsdf.jpg"|"jlhkjhkhjkhjk"|"%3Cp%3Etest%3C%2Fp%3E"|"1577160597298"
"test%20post%201"|"ewfdsfsdfsd"|"cat1"|"tag8,tag9"|"admin"|"https://www.go.com/sdfsdf.jpg"|"jlhkjhkhjkhjk"|"%3Cp%3Etest%3C%2Fp%3E"|"1577160573442"