<?xml version="1.0" encoding="UTF-8"?><root><post><title>test3</title><url>https://test3.com/1.png</url><description>test fail</description><date>1582252318640</date><body>undefined</body><subtitle>undefined</subtitle><preview>undefined</preview></post><post><title>sdfsdfsd</title><url>https://dsdgf.sdvsd.com</url><description>sdfsdfsdf</description><date>1582204509597</date><body>undefined</body><subtitle>undefined</subtitle><preview>undefined</preview></post><post><title>afailtest</title><url>https://sdfsfsd.com/1.png</url><description>test fail img</description><date>1582198567407</date><body>undefined</body><subtitle>undefined</subtitle><preview>undefined</preview></post><post><title>test2</title><description>description2</description><url>https://via.placeholder.com/360x220</url><date>1582198391831</date><body>undefined</body><subtitle>undefined</subtitle><preview>undefined</preview></post><post><title>testitem</title><url>https://via.placeholder.com/360x240</url><description>test item 1</description><date>1582197563915</date><body>undefined</body><subtitle>undefined</subtitle><preview>undefined</preview></post></root>