<?xml version="1.0" encoding="UTF-8"?><root><post><title>test%20post%2024</title><subtitle>ewfdsfsdfsd</subtitle><category>cat1</category><tags>tag8</tags><tags>tag9</tags><author>admin</author><image>https://www.go.com/sdfsdf.jpg</image><preview>jlhkjhkhjkhjk</preview><body>%3Cp%3Etest%3C%2Fp%3E</body><date>1577252369580</date></post><post><title>test%20post%2023</title><subtitle>ewfdsfsdfsd</subtitle><category>cat1</category><tags>tag8</tags><tags>tag9</tags><author>admin</author><image>https://www.go.com/sdfsdf.jpg</image><preview>jlhkjhkhjkhjk</preview><body>%3Cp%3Etest%3C%2Fp%3E</body><date>1577252263196</date></post><post><title>test%20post%2022</title><subtitle>ewfdsfsdfsd</subtitle><category>cat1</category><tags>tag8</tags><tags>tag9</tags><author>admin</author><image>https://www.go.com/sdfsdf.jpg</image><preview>jlhkjhkhjkhjk</preview><body>%3Cp%3Etest%3C%2Fp%3E</body><date>1577252191899</date></post><post><title>test%20post%2021</title><subtitle>ewfdsfsdfsd</subtitle><category>cat2</category><tags>tag8</tags><tags>tag12</tags><author>admin</author><image>https://www.go.com/sdfsdf.jpg</image><preview>jlhkjhkhjkhjk</preview><body>%3Cp%3Etest%3C%2Fp%3E</body><date>1577181431239</date></post><post><title>test%20post%2020</title><subtitle>ewfdsfsdfsd</subtitle><category>cat2</category><tags>tag8</tags><tags>tag14</tags><author>admin</author><image>https://www.go.com/sdfsdf.jpg</image><preview>jlhkjhkhjkhjk</preview><body>%3Cp%3Etest%3C%2Fp%3E</body><date>1577181120254</date></post><post><title>test%20post%2019</title><subtitle>ewfdsfsdfsd</subtitle><category>cat1</category><tags>tag8</tags><tags>tag13</tags><author>admin</author><image>https://www.go.com/sdfsdf.jpg</image><preview>jlhkjhkhjkhjk</preview><body>%3Cp%3Etest%3C%2Fp%3E</body><date>1577181105040</date></post><post><title>test%20post%2018</title><subtitle>ewfdsfsdfsd</subtitle><category>cat1</category><tags>tag8</tags><tags>tag12</tags><author>admin</author><image>https://www.go.com/sdfsdf.jpg</image><preview>jlhkjhkhjkhjk</preview><body>%3Cp%3Etest%3C%2Fp%3E</body><date>1577181094230</date></post><post><title>test%20post%2017</title><subtitle>ewfdsfsdfsd</subtitle><category>cat1</category><tags>tag9</tags><tags>tag12</tags><author>admin</author><image>https://www.go.com/sdfsdf.jpg</image><preview>jlhkjhkhjkhjk</preview><body>%3Cp%3Etest%3C%2Fp%3E</body><date>1577181081568</date></post><post><title>test%20post%2016</title><subtitle>ewfdsfsdfsd</subtitle><category>cat1</category><tags>tag9</tags><tags>tag11</tags><author>admin</author><image>https://www.go.com/sdfsdf.jpg</image><preview>jlhkjhkhjkhjk</preview><body>%3Cp%3Etest%3C%2Fp%3E</body><date>1577181070113</date></post><post><title>test%20post%2015</title><subtitle>ewfdsfsdfsd</subtitle><category>cat1</category><tags>tag9</tags><tags>tag10</tags><author>admin</author><image>https://www.go.com/sdfsdf.jpg</image><preview>jlhkjhkhjkhjk</preview><body>%3Cp%3Etest%3C%2Fp%3E</body><date>1577177327063</date></post><post><title>test%20post%2014</title><subtitle>ewfdsfsdfsd</subtitle><category>cat1</category><tags>tag8</tags><tags>tag10</tags><author>admin</author><image>https://www.go.com/sdfsdf.jpg</image><preview>jlhkjhkhjkhjk</preview><body>%3Cp%3Etest%3C%2Fp%3E</body><date>1577177310998</date></post><post><title>test%20post%2013</title><subtitle>ewfdsfsdfsd</subtitle><category>cat2</category><tags>tag11</tags><tags>tag12</tags><tags>11</tags><author>admin</author><image>https://www.go.com/sdfsdf.jpg</image><preview>jlhkjhkhjkhjk</preview><body>%3Cp%3Etest%3C%2Fp%3E</body><date>1577177247413</date></post><post><title>test%20post%2012</title><subtitle>ewfdsfsdfsd</subtitle><category>cat3</category><tags>tag14</tags><tags>tag13</tags><author>admin</author><image>https://www.go.com/sdfsdf.jpg</image><preview>jlhkjhkhjkhjk</preview><body>%3Cp%3Etest%3C%2Fp%3E</body><date>1577177184361</date></post><post><title>test%20post%2011</title><subtitle>ewfdsfsdfsd</subtitle><category>cat3</category><tags>tag14</tags><tags>tag13</tags><author>admin</author><image>https://www.go.com/sdfsdf.jpg</image><preview>jlhkjhkhjkhjk</preview><body>%3Cp%3Etest%3C%2Fp%3E</body><date>1577169962984</date></post><post><title>test%20post%2010</title><subtitle>ewfdsfsdfsd</subtitle><category>cat3</category><tags>tag14</tags><tags>tag12</tags><author>admin</author><image>https://www.go.com/sdfsdf.jpg</image><preview>jlhkjhkhjkhjk</preview><body>%3Cp%3Etest%3C%2Fp%3E</body><date>1577169921634</date></post><post><title>test%20post%209</title><subtitle>ewfdsfsdfsd</subtitle><category>cat3</category><tags>tag14</tags><tags>tag10</tags><author>admin</author><image>https://www.go.com/sdfsdf.jpg</image><preview>jlhkjhkhjkhjk</preview><body>%3Cp%3Etest%3C%2Fp%3E</body><date>1577169542419</date></post><post><title>test%20post%208</title><subtitle>ewfdsfsdfsd</subtitle><category>cat3</category><tags>tag14</tags><tags>tag13</tags><author>admin</author><image>https://www.go.com/sdfsdf.jpg</image><preview>jlhkjhkhjkhjk</preview><body>%3Cp%3Etest%3C%2Fp%3E</body><date>1577169357902</date></post><post><title>test%20post%207</title><subtitle>ewfdsfsdfsd</subtitle><category>cat3</category><tags>tag10</tags><tags>tag13</tags><author>admin</author><image>https://www.go.com/sdfsdf.jpg</image><preview>jlhkjhkhjkhjk</preview><body>%3Cp%3Etest%3C%2Fp%3E</body><date>1577169222599</date></post><post><title>test%20post%206</title><subtitle>ewfdsfsdfsd</subtitle><category>cat3</category><tags>tag10</tags><tags>tag12</tags><author>admin</author><image>https://www.go.com/sdfsdf.jpg</image><preview>jlhkjhkhjkhjk</preview><body>%3Cp%3Etest%3C%2Fp%3E</body><date>1577169118363</date></post><post><title>test%20post%205</title><subtitle>ewfdsfsdfsd</subtitle><category>cat3</category><tags>tag10</tags><tags>tag11</tags><author>admin</author><image>https://www.go.com/sdfsdf.jpg</image><preview>jlhkjhkhjkhjk</preview><body>%3Cp%3Etest%3C%2Fp%3E</body><date>1577167529060</date></post><post><title>test%20post%204</title><subtitle>ewfdsfsdfsd</subtitle><category>cat1</category><tags>tag10</tags><tags>tag11</tags><author>admin</author><image>https://www.go.com/sdfsdf.jpg</image><preview>jlhkjhkhjkhjk</preview><body>%3Cp%3Etest%3C%2Fp%3E</body><date>1577165213868</date></post><post><title>test%20post%203</title><subtitle>ewfdsfsdfsd</subtitle><category>cat1</category><tags>tag10</tags><tags>tag11</tags><author>admin</author><image>https://www.go.com/sdfsdf.jpg</image><preview>jlhkjhkhjkhjk</preview><body>%3Cp%3Etest%3C%2Fp%3E</body><date>1577160640213</date></post><post><title>test%20post%202</title><subtitle>ewfdsfsdfsd</subtitle><category>cat2</category><tags>tag10</tags><tags>11</tags><author>admin</author><image>https://www.go.com/sdfsdf.jpg</image><preview>jlhkjhkhjkhjk</preview><body>%3Cp%3Etest%3C%2Fp%3E</body><date>1577160597298</date></post><post><title>test%20post%201</title><subtitle>ewfdsfsdfsd</subtitle><category>cat1</category><tags>tag8</tags><tags>tag9</tags><author>admin</author><image>https://www.go.com/sdfsdf.jpg</image><preview>jlhkjhkhjkhjk</preview><body>%3Cp%3Etest%3C%2Fp%3E</body><date>1577160573442</date></post></root>