<?xml version="1.0" encoding="UTF-8"?><root><post><title>test%20post%2028</title><subtitle>ewfdsfsdfsd</subtitle><category>cat2</category><tags>tag0</tags><tags>tag1</tags><tags>tag2</tags><author>admin2</author><image>./app/images/blog/default.png</image><preview>jlhkjhkhjkhjk</preview><body>%3Cp%3Etest%3C%2Fp%3E</body><date>1578310392381</date></post><post><title>test%20post%2027</title><subtitle>ewfdsfsdfsd</subtitle><category>cat2</category><tags>tag0</tags><tags>tag1</tags><tags>tag2</tags><author>admin2</author><image>./app/images/blog/default.png</image><preview>jlhkjhkhjkhjk</preview><body>%3Cp%3Etest%3C%2Fp%3E</body><date>1578307047442</date></post><post><title>test%20post%2026</title><subtitle>ewfdsfsdfsd</subtitle><category>cat2</category><tags>tag0</tags><tags>tag1</tags><tags>tag2</tags><author>admin</author><image>./app/images/blog/default.png</image><preview>jlhkjhkhjkhjk</preview><body>%3Cp%3Etest%3C%2Fp%3E</body><date>1578307030515</date></post><post><title>test%20post%2025</title><subtitle>ewfdsfsdfsd</subtitle><category>cat1</category><tags>tag0</tags><tags>tag1</tags><tags>tag2</tags><author>admin</author><image>./app/images/blog/default.png</image><preview>jlhkjhkhjkhjk</preview><body>%3Cp%3Etest%3C%2Fp%3E</body><date>1578307015613</date></post><post><title>test%20post%2024</title><subtitle>ewfdsfsdfsd</subtitle><category>cat1</category><tags>tag0</tags><tags>tag1</tags><tags>tag2</tags><author>admin</author><image>./app/images/blog/default.png</image><preview>jlhkjhkhjkhjk</preview><body>%3Cp%3Etest%3C%2Fp%3E</body><date>1578306917878</date></post><post><title>test%20post%2023</title><subtitle>ewfdsfsdfsd</subtitle><category>cat1</category><tags>tag0</tags><tags>tag1</tags><tags>tag2</tags><author>admin</author><image>./app/images/blog/default.png</image><preview>jlhkjhkhjkhjk</preview><body>%3Cp%3Etest%3C%2Fp%3E</body><date>1578305817175</date></post><post><title>test%20post%2022</title><subtitle>ewfdsfsdfsd</subtitle><category>cat2</category><tags>tag0</tags><tags>tag1</tags><tags>tag2</tags><author>admin2</author><image>./app/images/blog/default.png</image><preview>jlhkjhkhjkhjk</preview><body>%3Cp%3Etest%3C%2Fp%3E</body><date>1578305769059</date></post><post><title>test%20post%2021</title><subtitle>ewfdsfsdfsd</subtitle><category>cat2</category><tags>tag0</tags><tags>tag1</tags><tags>tag2</tags><author>admin2</author><image>./app/images/blog/default.png</image><preview>jlhkjhkhjkhjk</preview><body>%3Cp%3Etest%3C%2Fp%3E</body><date>1578304937630</date></post><post><title>test%20post%2020</title><subtitle>ewfdsfsdfsd</subtitle><category>cat1</category><tags>tag0</tags><tags>tag1</tags><tags>tag2</tags><author>admin2</author><image>./app/images/blog/default.png</image><preview>jlhkjhkhjkhjk</preview><body>%3Cp%3Etest%3C%2Fp%3E</body><date>1578304586131</date></post><post><title>test%20post%2019</title><subtitle>ewfdsfsdfsd</subtitle><category>cat2</category><tags>tag0</tags><tags>tag1</tags><tags>tag2</tags><author>admin</author><image>./app/images/blog/default.png</image><preview>jlhkjhkhjkhjk</preview><body>%3Cp%3Etest%3C%2Fp%3E</body><date>1578304302091</date></post><post><title>test%20post%2018</title><subtitle>ewfdsfsdfsd</subtitle><category>cat2</category><tags>tag0</tags><tags>tag1</tags><tags>tag2</tags><author>admin</author><image>./app/images/blog/default.png</image><preview>jlhkjhkhjkhjk</preview><body>%3Cp%3Etest%3C%2Fp%3E</body><date>1578304182344</date></post><post><title>test%20post%2017</title><subtitle>ewfdsfsdfsd</subtitle><category>cat2</category><tags>tag0</tags><tags>tag1</tags><tags>tag2</tags><author>admin</author><image>./app/images/blog/default.png</image><preview>jlhkjhkhjkhjk</preview><body>%3Cp%3Etest%3C%2Fp%3E</body><date>1578197583555</date></post><post><title>test%20post%2016</title><subtitle>ewfdsfsdfsd</subtitle><category>cat2</category><tags>tag0</tags><tags>tag1</tags><tags>tag2</tags><author>admin</author><image>./app/images/blog/default.png</image><preview>jlhkjhkhjkhjk</preview><body>%3Cp%3Etest%3C%2Fp%3E</body><date>1578197091949</date></post><post><title>test%20post%2015</title><subtitle>ewfdsfsdfsd</subtitle><category>cat2</category><tags>tag0</tags><tags>tag1</tags><tags>tag2</tags><author>admin</author><image>./app/images/blog/default.png</image><preview>jlhkjhkhjkhjk</preview><body>%3Cp%3Etest%3C%2Fp%3E</body><date>1578196185797</date></post><post><title>test%20post%2014</title><subtitle>ewfdsfsdfsd</subtitle><category>cat2</category><tags>tag0</tags><tags>tag1</tags><tags>tag2</tags><author>admin</author><image>./app/images/blog/default.png</image><preview>jlhkjhkhjkhjk</preview><body>%3Cp%3Etest%3C%2Fp%3E</body><date>1578196126621</date></post><post><title>test%20post%2013</title><subtitle>ewfdsfsdfsd</subtitle><category>cat2</category><tags>tag0</tags><tags>tag1</tags><tags>tag2</tags><author>admin</author><image>./app/images/blog/default.png</image><preview>jlhkjhkhjkhjk</preview><body>%3Cp%3Etest%3C%2Fp%3E</body><date>1578195690352</date></post><post><title>test%20post%2012</title><subtitle>ewfdsfsdfsd</subtitle><category>cat2</category><tags>tag0</tags><tags>tag1</tags><tags>tag2</tags><author>admin</author><image>./app/images/blog/default.png</image><preview>jlhkjhkhjkhjk</preview><body>%3Cp%3Etest%3C%2Fp%3E</body><date>1578195459252</date></post><post><title>test%20post%2011</title><subtitle>ewfdsfsdfsd</subtitle><category>cat2</category><tags>tag0</tags><tags>tag1</tags><tags>tag2</tags><author>admin</author><image>./app/images/blog/default.png</image><preview>jlhkjhkhjkhjk</preview><body>%3Cp%3Etest%3C%2Fp%3E</body><date>1578195268432</date></post><post><title>test%20post%2010</title><subtitle>ewfdsfsdfsd</subtitle><category>cat2</category><tags>tag0</tags><tags>tag1</tags><tags>tag2</tags><author>admin</author><image>./app/images/blog/default.png</image><preview>jlhkjhkhjkhjk</preview><body>%3Cp%3Etest%3C%2Fp%3E</body><date>1578194936393</date></post><post><title>test%20post%209</title><subtitle>ewfdsfsdfsd</subtitle><category>cat2</category><tags>tag0</tags><tags>tag1</tags><tags>tag2</tags><author>admin</author><image>./app/images/blog/default.png</image><preview>jlhkjhkhjkhjk</preview><body>%3Cp%3Etest%3C%2Fp%3E</body><date>1578194849150</date></post><post><title>test%20post%208</title><subtitle>ewfdsfsdfsd</subtitle><category>cat1</category><tags>tag0</tags><tags>tag1</tags><tags>tag3</tags><author>admin</author><image>./app/images/blog/default.png</image><preview>jlhkjhkhjkhjk</preview><body>%3Cp%3Etest%3C%2Fp%3E</body><date>1578194681280</date></post><post><title>test%20post%207</title><subtitle>ewfdsfsdfsd</subtitle><category>cat1</category><tags>tag0</tags><tags>tag1</tags><tags>tag3</tags><author>admin</author><image>./app/images/blog/default.png</image><preview>jlhkjhkhjkhjk</preview><body>%3Cp%3Etest%3C%2Fp%3E</body><date>1578194645228</date></post><post><title>test%20post%206</title><subtitle>ewfdsfsdfsd</subtitle><category>cat1</category><tags>tag0</tags><tags>tag1</tags><tags>tag3</tags><author>admin</author><image>./app/images/blog/default.png</image><preview>jlhkjhkhjkhjk</preview><body>%3Cp%3Etest%3C%2Fp%3E</body><date>1578194444638</date></post><post><title>test%20post%205</title><subtitle>ewfdsfsdfsd</subtitle><category>cat2</category><tags>tag0</tags><tags>tag1</tags><tags>tag2</tags><author>admin</author><image>./app/images/blog/default.png</image><preview>jlhkjhkhjkhjk</preview><body>%3Cp%3Etest%3C%2Fp%3E</body><date>1577977582882</date></post><post><title>test%20post%201</title><subtitle>ewfdsfsdfsd</subtitle><category>cat2</category><tags>tag1</tags><tags>tag2</tags><author>admin</author><image>./app/images/blog/default.png</image><preview>ppp</preview><body>%3Cp%3Eppp%3C%2Fp%3E</body><date>1577966140240</date></post><post><title>test%20post%2036</title><subtitle>ewfdsfsdfsd</subtitle><category>cat4</category><tags>tag0</tags><tags>tag1</tags><tags>tag5</tags><author>admin</author><image>./app/images/blog/default.png</image><preview>hello%20test</preview><body>%3Cp%3Etest%3C%2Fp%3E</body><date>1582251015874</date></post><post><title>test%20post%2032</title><subtitle>ewfdsfsdfsd</subtitle><category>cat2</category><tags>tag0</tags><tags>tag1</tags><tags>tag2</tags><author>admin</author><image>./app/images/blog/default.png</image><preview>jlhkjhkhjkhjk</preview><body>%3Cp%3Etesting3%3C%2Fp%3E</body><date>1578318352505</date></post><post><title>test%20post%2030</title><subtitle>ewfdsfsdfsd</subtitle><category>cat1</category><tags>tag0</tags><tags>tag1</tags><tags>tag2</tags><author>admin2</author><image>./app/images/blog/default.png</image><preview>hello1</preview><body>%3Cp%3Etest%3C%2Fp%3E</body><date>1578318280186</date></post><post><title>test%20post%2029</title><subtitle>ewfdsfsdfsd</subtitle><category>cat1</category><tags>tag0</tags><tags>tag1</tags><tags>tag2</tags><author>admin2</author><image>./app/images/blog/default.png</image><preview>post%2029%20working</preview><body>%3Cp%3Etest%3C%2Fp%3E</body><date>1578314693710</date></post></root>