"title"|"subtitle"|"author"|"preview"|"body"|"category"|"date"
"test%20news%204"|"test%20subtitle"|"admin"|"jhkjhkhj"|"%3Ch3%3Etest%3C%2Fh3%3E"|"news3"|"1578197595510"
"test%20news%203"|"test%20subtitle"|"admin"|"jhkjhkhj"|"%3Ch3%3Etest%3C%2Fh3%3E"|"news3"|"1578197058329"
"test%20news%202"|"test%20subtitle"|"admin"|"jhkjhkhj"|"%3Ch3%3Etest%3C%2Fh3%3E"|"news2"|"1578196556955"
"test%20news%201"|"test%20subtitle"|"admin"|"jhkjhkhj"|"%3Ch3%3Etest%3C%2Fh3%3E"|"news1"|"1577978370694"
"Nomatec%20hosting"|"Nomatec%20Labs%20web-hosting%20service"|"admin"|"Nomatec%20Labs%20web-hosting%20service%20has%20been%20launched"|"%3Cp%3ENomatec%20Labs%20web-hosting%20service%20has%20been%20launched%20and%20is%20online%20at%3Ca%20href%3Dhttps%3A%2F%2Fnomatechosting.com%20rel%3Dnoopener%20target%3D_blank%20title%3Dnomatechosting%3Ehttps%3A%2F%2Fnomatechosting.com%3C%2Fa%3E.%3C%2Fp%3E"|"general"|"1618865822933"