[{"title":"test news 4","subtitle":"test subtitle","author":"admin","preview":"jhkjhkhj","body":"<h3>test</h3>","category":"news3","date":1578197595510},{"title":"test news 3","subtitle":"test subtitle","author":"admin","preview":"jhkjhkhj","body":"<h3>test</h3>","category":"news3","date":1578197058329},{"title":"test news 2","subtitle":"test subtitle","author":"admin","preview":"jhkjhkhj","body":"<h3>test</h3>","category":"news2","date":1578196556955},{"title":"test news 1","subtitle":"test subtitle","author":"admin","preview":"jhkjhkhj","body":"<h3>test</h3>","category":"news1","date":1577978370694},{"title":"Nomatec hosting","subtitle":"Nomatec Labs web-hosting service","author":"admin","preview":"Nomatec Labs web-hosting service has been launched","body":"<p>Nomatec Labs web-hosting service has been launched and is online at<a href=https://nomatechosting.com rel=noopener target=_blank title=nomatechosting>https://nomatechosting.com</a>.</p>","category":"general","date":1618865822933}]