"title"|"url"|"description"|"date"|"body"|"subtitle"|"preview"
"test3"|"https://test3.com/1.png"|"test fail"|"1582252318640"|"undefined"|"undefined"|"undefined"
"sdfsdfsd"|"https://dsdgf.sdvsd.com"|"sdfsdfsdf"|"1582204509597"|"undefined"|"undefined"|"undefined"
"afailtest"|"https://sdfsfsd.com/1.png"|"test fail img"|"1582198567407"|"undefined"|"undefined"|"undefined"
"test2"|"description2"|"https://via.placeholder.com/360x220"|"1582198391831"|"undefined"|"undefined"|"undefined"
"testitem"|"https://via.placeholder.com/360x240"|"test item 1"|"1582197563915"|"undefined"|"undefined"|"undefined"