[{"title":"test post 24","subtitle":"ewfdsfsdfsd","category":"cat1","tags":["tag8","tag9"],"author":"admin","image":"https://www.go.com/sdfsdf.jpg","preview":"jlhkjhkhjkhjk","body":"<p>test</p>","date":1577252369580},{"title":"test post 23","subtitle":"ewfdsfsdfsd","category":"cat1","tags":["tag8","tag9"],"author":"admin","image":"https://www.go.com/sdfsdf.jpg","preview":"jlhkjhkhjkhjk","body":"<p>test</p>","date":1577252263196},{"title":"test post 22","subtitle":"ewfdsfsdfsd","category":"cat1","tags":["tag8","tag9"],"author":"admin","image":"https://www.go.com/sdfsdf.jpg","preview":"jlhkjhkhjkhjk","body":"<p>test</p>","date":1577252191899},{"title":"test post 21","subtitle":"ewfdsfsdfsd","category":"cat2","tags":["tag8","tag12"],"author":"admin","image":"https://www.go.com/sdfsdf.jpg","preview":"jlhkjhkhjkhjk","body":"<p>test</p>","date":1577181431239},{"title":"test post 20","subtitle":"ewfdsfsdfsd","category":"cat2","tags":["tag8","tag14"],"author":"admin","image":"https://www.go.com/sdfsdf.jpg","preview":"jlhkjhkhjkhjk","body":"<p>test</p>","date":1577181120254},{"title":"test post 19","subtitle":"ewfdsfsdfsd","category":"cat1","tags":["tag8","tag13"],"author":"admin","image":"https://www.go.com/sdfsdf.jpg","preview":"jlhkjhkhjkhjk","body":"<p>test</p>","date":1577181105040},{"title":"test post 18","subtitle":"ewfdsfsdfsd","category":"cat1","tags":["tag8","tag12"],"author":"admin","image":"https://www.go.com/sdfsdf.jpg","preview":"jlhkjhkhjkhjk","body":"<p>test</p>","date":1577181094230},{"title":"test post 17","subtitle":"ewfdsfsdfsd","category":"cat1","tags":["tag9","tag12"],"author":"admin","image":"https://www.go.com/sdfsdf.jpg","preview":"jlhkjhkhjkhjk","body":"<p>test</p>","date":1577181081568},{"title":"test post 16","subtitle":"ewfdsfsdfsd","category":"cat1","tags":["tag9","tag11"],"author":"admin","image":"https://www.go.com/sdfsdf.jpg","preview":"jlhkjhkhjkhjk","body":"<p>test</p>","date":1577181070113},{"title":"test post 15","subtitle":"ewfdsfsdfsd","category":"cat1","tags":["tag9","tag10"],"author":"admin","image":"https://www.go.com/sdfsdf.jpg","preview":"jlhkjhkhjkhjk","body":"<p>test</p>","date":1577177327063},{"title":"test post 14","subtitle":"ewfdsfsdfsd","category":"cat1","tags":["tag8","tag10"],"author":"admin","image":"https://www.go.com/sdfsdf.jpg","preview":"jlhkjhkhjkhjk","body":"<p>test</p>","date":1577177310998},{"title":"test post 13","subtitle":"ewfdsfsdfsd","category":"cat2","tags":["tag11","tag12","11"],"author":"admin","image":"https://www.go.com/sdfsdf.jpg","preview":"jlhkjhkhjkhjk","body":"<p>test</p>","date":1577177247413},{"title":"test post 12","subtitle":"ewfdsfsdfsd","category":"cat3","tags":["tag14","tag13"],"author":"admin","image":"https://www.go.com/sdfsdf.jpg","preview":"jlhkjhkhjkhjk","body":"<p>test</p>","date":1577177184361},{"title":"test post 11","subtitle":"ewfdsfsdfsd","category":"cat3","tags":["tag14","tag13"],"author":"admin","image":"https://www.go.com/sdfsdf.jpg","preview":"jlhkjhkhjkhjk","body":"<p>test</p>","date":1577169962984},{"title":"test post 10","subtitle":"ewfdsfsdfsd","category":"cat3","tags":["tag14","tag12"],"author":"admin","image":"https://www.go.com/sdfsdf.jpg","preview":"jlhkjhkhjkhjk","body":"<p>test</p>","date":1577169921634},{"title":"test post 9","subtitle":"ewfdsfsdfsd","category":"cat3","tags":["tag14","tag10"],"author":"admin","image":"https://www.go.com/sdfsdf.jpg","preview":"jlhkjhkhjkhjk","body":"<p>test</p>","date":1577169542419},{"title":"test post 8","subtitle":"ewfdsfsdfsd","category":"cat3","tags":["tag14","tag13"],"author":"admin","image":"https://www.go.com/sdfsdf.jpg","preview":"jlhkjhkhjkhjk","body":"<p>test</p>","date":1577169357902},{"title":"test post 7","subtitle":"ewfdsfsdfsd","category":"cat3","tags":["tag10","tag13"],"author":"admin","image":"https://www.go.com/sdfsdf.jpg","preview":"jlhkjhkhjkhjk","body":"<p>test</p>","date":1577169222599},{"title":"test post 6","subtitle":"ewfdsfsdfsd","category":"cat3","tags":["tag10","tag12"],"author":"admin","image":"https://www.go.com/sdfsdf.jpg","preview":"jlhkjhkhjkhjk","body":"<p>test</p>","date":1577169118363},{"title":"test post 5","subtitle":"ewfdsfsdfsd","category":"cat3","tags":["tag10","tag11"],"author":"admin","image":"https://www.go.com/sdfsdf.jpg","preview":"jlhkjhkhjkhjk","body":"<p>test</p>","date":1577167529060},{"title":"test post 4","subtitle":"ewfdsfsdfsd","category":"cat1","tags":["tag10","tag11"],"author":"admin","image":"https://www.go.com/sdfsdf.jpg","preview":"jlhkjhkhjkhjk","body":"<p>test</p>","date":1577165213868},{"title":"test post 3","subtitle":"ewfdsfsdfsd","category":"cat1","tags":["tag10","tag11"],"author":"admin","image":"https://www.go.com/sdfsdf.jpg","preview":"jlhkjhkhjkhjk","body":"<p>test</p>","date":1577160640213},{"title":"test post 2","subtitle":"ewfdsfsdfsd","category":"cat2","tags":["tag10","11"],"author":"admin","image":"https://www.go.com/sdfsdf.jpg","preview":"jlhkjhkhjkhjk","body":"<p>test</p>","date":1577160597298},{"title":"test post 1","subtitle":"ewfdsfsdfsd","category":"cat1","tags":["tag8","tag9"],"author":"admin","image":"https://www.go.com/sdfsdf.jpg","preview":"jlhkjhkhjkhjk","body":"<p>test</p>","date":1577160573442}]