[{"title":"test post 28","subtitle":"ewfdsfsdfsd","category":"cat2","tags":["tag0","tag1","tag2"],"author":"admin2","image":"./app/images/blog/default.png","preview":"jlhkjhkhjkhjk","body":"<p>test</p>","date":1578310392381},{"title":"test post 27","subtitle":"ewfdsfsdfsd","category":"cat2","tags":["tag0","tag1","tag2"],"author":"admin2","image":"./app/images/blog/default.png","preview":"jlhkjhkhjkhjk","body":"<p>test</p>","date":1578307047442},{"title":"test post 26","subtitle":"ewfdsfsdfsd","category":"cat2","tags":["tag0","tag1","tag2"],"author":"admin","image":"./app/images/blog/default.png","preview":"jlhkjhkhjkhjk","body":"<p>test</p>","date":1578307030515},{"title":"test post 25","subtitle":"ewfdsfsdfsd","category":"cat1","tags":["tag0","tag1","tag2"],"author":"admin","image":"./app/images/blog/default.png","preview":"jlhkjhkhjkhjk","body":"<p>test</p>","date":1578307015613},{"title":"test post 24","subtitle":"ewfdsfsdfsd","category":"cat1","tags":["tag0","tag1","tag2"],"author":"admin","image":"./app/images/blog/default.png","preview":"jlhkjhkhjkhjk","body":"<p>test</p>","date":1578306917878},{"title":"test post 23","subtitle":"ewfdsfsdfsd","category":"cat1","tags":["tag0","tag1","tag2"],"author":"admin","image":"./app/images/blog/default.png","preview":"jlhkjhkhjkhjk","body":"<p>test</p>","date":1578305817175},{"title":"test post 22","subtitle":"ewfdsfsdfsd","category":"cat2","tags":["tag0","tag1","tag2"],"author":"admin2","image":"./app/images/blog/default.png","preview":"jlhkjhkhjkhjk","body":"<p>test</p>","date":1578305769059},{"title":"test post 21","subtitle":"ewfdsfsdfsd","category":"cat2","tags":["tag0","tag1","tag2"],"author":"admin2","image":"./app/images/blog/default.png","preview":"jlhkjhkhjkhjk","body":"<p>test</p>","date":1578304937630},{"title":"test post 20","subtitle":"ewfdsfsdfsd","category":"cat1","tags":["tag0","tag1","tag2"],"author":"admin2","image":"./app/images/blog/default.png","preview":"jlhkjhkhjkhjk","body":"<p>test</p>","date":1578304586131},{"title":"test post 19","subtitle":"ewfdsfsdfsd","category":"cat2","tags":["tag0","tag1","tag2"],"author":"admin","image":"./app/images/blog/default.png","preview":"jlhkjhkhjkhjk","body":"<p>test</p>","date":1578304302091},{"title":"test post 18","subtitle":"ewfdsfsdfsd","category":"cat2","tags":["tag0","tag1","tag2"],"author":"admin","image":"./app/images/blog/default.png","preview":"jlhkjhkhjkhjk","body":"<p>test</p>","date":1578304182344},{"title":"test post 17","subtitle":"ewfdsfsdfsd","category":"cat2","tags":["tag0","tag1","tag2"],"author":"admin","image":"./app/images/blog/default.png","preview":"jlhkjhkhjkhjk","body":"<p>test</p>","date":1578197583555},{"title":"test post 16","subtitle":"ewfdsfsdfsd","category":"cat2","tags":["tag0","tag1","tag2"],"author":"admin","image":"./app/images/blog/default.png","preview":"jlhkjhkhjkhjk","body":"<p>test</p>","date":1578197091949},{"title":"test post 15","subtitle":"ewfdsfsdfsd","category":"cat2","tags":["tag0","tag1","tag2"],"author":"admin","image":"./app/images/blog/default.png","preview":"jlhkjhkhjkhjk","body":"<p>test</p>","date":1578196185797},{"title":"test post 14","subtitle":"ewfdsfsdfsd","category":"cat2","tags":["tag0","tag1","tag2"],"author":"admin","image":"./app/images/blog/default.png","preview":"jlhkjhkhjkhjk","body":"<p>test</p>","date":1578196126621},{"title":"test post 13","subtitle":"ewfdsfsdfsd","category":"cat2","tags":["tag0","tag1","tag2"],"author":"admin","image":"./app/images/blog/default.png","preview":"jlhkjhkhjkhjk","body":"<p>test</p>","date":1578195690352},{"title":"test post 12","subtitle":"ewfdsfsdfsd","category":"cat2","tags":["tag0","tag1","tag2"],"author":"admin","image":"./app/images/blog/default.png","preview":"jlhkjhkhjkhjk","body":"<p>test</p>","date":1578195459252},{"title":"test post 11","subtitle":"ewfdsfsdfsd","category":"cat2","tags":["tag0","tag1","tag2"],"author":"admin","image":"./app/images/blog/default.png","preview":"jlhkjhkhjkhjk","body":"<p>test</p>","date":1578195268432},{"title":"test post 10","subtitle":"ewfdsfsdfsd","category":"cat2","tags":["tag0","tag1","tag2"],"author":"admin","image":"./app/images/blog/default.png","preview":"jlhkjhkhjkhjk","body":"<p>test</p>","date":1578194936393},{"title":"test post 9","subtitle":"ewfdsfsdfsd","category":"cat2","tags":["tag0","tag1","tag2"],"author":"admin","image":"./app/images/blog/default.png","preview":"jlhkjhkhjkhjk","body":"<p>test</p>","date":1578194849150},{"title":"test post 8","subtitle":"ewfdsfsdfsd","category":"cat1","tags":["tag0","tag1","tag3"],"author":"admin","image":"./app/images/blog/default.png","preview":"jlhkjhkhjkhjk","body":"<p>test</p>","date":1578194681280},{"title":"test post 7","subtitle":"ewfdsfsdfsd","category":"cat1","tags":["tag0","tag1","tag3"],"author":"admin","image":"./app/images/blog/default.png","preview":"jlhkjhkhjkhjk","body":"<p>test</p>","date":1578194645228},{"title":"test post 6","subtitle":"ewfdsfsdfsd","category":"cat1","tags":["tag0","tag1","tag3"],"author":"admin","image":"./app/images/blog/default.png","preview":"jlhkjhkhjkhjk","body":"<p>test</p>","date":1578194444638},{"title":"test post 5","subtitle":"ewfdsfsdfsd","category":"cat2","tags":["tag0","tag1","tag2"],"author":"admin","image":"./app/images/blog/default.png","preview":"jlhkjhkhjkhjk","body":"<p>test</p>","date":1577977582882},{"title":"test post 1","subtitle":"ewfdsfsdfsd","category":"cat2","tags":["tag1","tag2"],"author":"admin","image":"./app/images/blog/default.png","preview":"ppp","body":"<p>ppp</p>","date":1577966140240},{"title":"test post 36","subtitle":"ewfdsfsdfsd","category":"cat4","tags":["tag0","tag1","tag5"],"author":"admin","image":"./app/images/blog/default.png","preview":"hello test","body":"<p>test</p>","date":1582251015874},{"title":"test post 32","subtitle":"ewfdsfsdfsd","category":"cat2","tags":["tag0","tag1","tag2"],"author":"admin","image":"./app/images/blog/default.png","preview":"jlhkjhkhjkhjk","body":"<p>testing3</p>","date":1578318352505},{"title":"test post 30","subtitle":"ewfdsfsdfsd","category":"cat1","tags":["tag0","tag1","tag2"],"author":"admin2","image":"./app/images/blog/default.png","preview":"hello1","body":"<p>test</p>","date":1578318280186},{"title":"test post 29","subtitle":"ewfdsfsdfsd","category":"cat1","tags":["tag0","tag1","tag2"],"author":"admin2","image":"./app/images/blog/default.png","preview":"post 29 working","body":"<p>test</p>","date":1578314693710}]