"title"|"subtitle"|"category"|"tags"|"author"|"image"|"preview"|"body"|"date"
"test%20post%2028"|"ewfdsfsdfsd"|"cat2"|"tag0,tag1,tag2"|"admin2"|"./app/images/blog/default.png"|"jlhkjhkhjkhjk"|"%3Cp%3Etest%3C%2Fp%3E"|"1578310392381"
"test%20post%2027"|"ewfdsfsdfsd"|"cat2"|"tag0,tag1,tag2"|"admin2"|"./app/images/blog/default.png"|"jlhkjhkhjkhjk"|"%3Cp%3Etest%3C%2Fp%3E"|"1578307047442"
"test%20post%2026"|"ewfdsfsdfsd"|"cat2"|"tag0,tag1,tag2"|"admin"|"./app/images/blog/default.png"|"jlhkjhkhjkhjk"|"%3Cp%3Etest%3C%2Fp%3E"|"1578307030515"
"test%20post%2025"|"ewfdsfsdfsd"|"cat1"|"tag0,tag1,tag2"|"admin"|"./app/images/blog/default.png"|"jlhkjhkhjkhjk"|"%3Cp%3Etest%3C%2Fp%3E"|"1578307015613"
"test%20post%2024"|"ewfdsfsdfsd"|"cat1"|"tag0,tag1,tag2"|"admin"|"./app/images/blog/default.png"|"jlhkjhkhjkhjk"|"%3Cp%3Etest%3C%2Fp%3E"|"1578306917878"
"test%20post%2023"|"ewfdsfsdfsd"|"cat1"|"tag0,tag1,tag2"|"admin"|"./app/images/blog/default.png"|"jlhkjhkhjkhjk"|"%3Cp%3Etest%3C%2Fp%3E"|"1578305817175"
"test%20post%2022"|"ewfdsfsdfsd"|"cat2"|"tag0,tag1,tag2"|"admin2"|"./app/images/blog/default.png"|"jlhkjhkhjkhjk"|"%3Cp%3Etest%3C%2Fp%3E"|"1578305769059"
"test%20post%2021"|"ewfdsfsdfsd"|"cat2"|"tag0,tag1,tag2"|"admin2"|"./app/images/blog/default.png"|"jlhkjhkhjkhjk"|"%3Cp%3Etest%3C%2Fp%3E"|"1578304937630"
"test%20post%2020"|"ewfdsfsdfsd"|"cat1"|"tag0,tag1,tag2"|"admin2"|"./app/images/blog/default.png"|"jlhkjhkhjkhjk"|"%3Cp%3Etest%3C%2Fp%3E"|"1578304586131"
"test%20post%2019"|"ewfdsfsdfsd"|"cat2"|"tag0,tag1,tag2"|"admin"|"./app/images/blog/default.png"|"jlhkjhkhjkhjk"|"%3Cp%3Etest%3C%2Fp%3E"|"1578304302091"
"test%20post%2018"|"ewfdsfsdfsd"|"cat2"|"tag0,tag1,tag2"|"admin"|"./app/images/blog/default.png"|"jlhkjhkhjkhjk"|"%3Cp%3Etest%3C%2Fp%3E"|"1578304182344"
"test%20post%2017"|"ewfdsfsdfsd"|"cat2"|"tag0,tag1,tag2"|"admin"|"./app/images/blog/default.png"|"jlhkjhkhjkhjk"|"%3Cp%3Etest%3C%2Fp%3E"|"1578197583555"
"test%20post%2016"|"ewfdsfsdfsd"|"cat2"|"tag0,tag1,tag2"|"admin"|"./app/images/blog/default.png"|"jlhkjhkhjkhjk"|"%3Cp%3Etest%3C%2Fp%3E"|"1578197091949"
"test%20post%2015"|"ewfdsfsdfsd"|"cat2"|"tag0,tag1,tag2"|"admin"|"./app/images/blog/default.png"|"jlhkjhkhjkhjk"|"%3Cp%3Etest%3C%2Fp%3E"|"1578196185797"
"test%20post%2014"|"ewfdsfsdfsd"|"cat2"|"tag0,tag1,tag2"|"admin"|"./app/images/blog/default.png"|"jlhkjhkhjkhjk"|"%3Cp%3Etest%3C%2Fp%3E"|"1578196126621"
"test%20post%2013"|"ewfdsfsdfsd"|"cat2"|"tag0,tag1,tag2"|"admin"|"./app/images/blog/default.png"|"jlhkjhkhjkhjk"|"%3Cp%3Etest%3C%2Fp%3E"|"1578195690352"
"test%20post%2012"|"ewfdsfsdfsd"|"cat2"|"tag0,tag1,tag2"|"admin"|"./app/images/blog/default.png"|"jlhkjhkhjkhjk"|"%3Cp%3Etest%3C%2Fp%3E"|"1578195459252"
"test%20post%2011"|"ewfdsfsdfsd"|"cat2"|"tag0,tag1,tag2"|"admin"|"./app/images/blog/default.png"|"jlhkjhkhjkhjk"|"%3Cp%3Etest%3C%2Fp%3E"|"1578195268432"
"test%20post%2010"|"ewfdsfsdfsd"|"cat2"|"tag0,tag1,tag2"|"admin"|"./app/images/blog/default.png"|"jlhkjhkhjkhjk"|"%3Cp%3Etest%3C%2Fp%3E"|"1578194936393"
"test%20post%209"|"ewfdsfsdfsd"|"cat2"|"tag0,tag1,tag2"|"admin"|"./app/images/blog/default.png"|"jlhkjhkhjkhjk"|"%3Cp%3Etest%3C%2Fp%3E"|"1578194849150"
"test%20post%208"|"ewfdsfsdfsd"|"cat1"|"tag0,tag1,tag3"|"admin"|"./app/images/blog/default.png"|"jlhkjhkhjkhjk"|"%3Cp%3Etest%3C%2Fp%3E"|"1578194681280"
"test%20post%207"|"ewfdsfsdfsd"|"cat1"|"tag0,tag1,tag3"|"admin"|"./app/images/blog/default.png"|"jlhkjhkhjkhjk"|"%3Cp%3Etest%3C%2Fp%3E"|"1578194645228"
"test%20post%206"|"ewfdsfsdfsd"|"cat1"|"tag0,tag1,tag3"|"admin"|"./app/images/blog/default.png"|"jlhkjhkhjkhjk"|"%3Cp%3Etest%3C%2Fp%3E"|"1578194444638"
"test%20post%205"|"ewfdsfsdfsd"|"cat2"|"tag0,tag1,tag2"|"admin"|"./app/images/blog/default.png"|"jlhkjhkhjkhjk"|"%3Cp%3Etest%3C%2Fp%3E"|"1577977582882"
"test%20post%201"|"ewfdsfsdfsd"|"cat2"|"tag1,tag2"|"admin"|"./app/images/blog/default.png"|"ppp"|"%3Cp%3Eppp%3C%2Fp%3E"|"1577966140240"
"test%20post%2036"|"ewfdsfsdfsd"|"cat4"|"tag0,tag1,tag5"|"admin"|"./app/images/blog/default.png"|"hello%20test"|"%3Cp%3Etest%3C%2Fp%3E"|"1582251015874"
"test%20post%2032"|"ewfdsfsdfsd"|"cat2"|"tag0,tag1,tag2"|"admin"|"./app/images/blog/default.png"|"jlhkjhkhjkhjk"|"%3Cp%3Etesting3%3C%2Fp%3E"|"1578318352505"
"test%20post%2030"|"ewfdsfsdfsd"|"cat1"|"tag0,tag1,tag2"|"admin2"|"./app/images/blog/default.png"|"hello1"|"%3Cp%3Etest%3C%2Fp%3E"|"1578318280186"
"test%20post%2029"|"ewfdsfsdfsd"|"cat1"|"tag0,tag1,tag2"|"admin2"|"./app/images/blog/default.png"|"post%2029%20working"|"%3Cp%3Etest%3C%2Fp%3E"|"1578314693710"