[{"title":"test news 5","subtitle":"test subtitle","author":"admin","preview":"jhkjhkhj","body":"<h3>test</h3>","category":"news1","date":1578307115000},{"title":"test news 4","subtitle":"test subtitle","author":"admin","preview":"jhkjhkhj","body":"<h3>test</h3>","category":"news3","date":1578197595510},{"title":"test news 3","subtitle":"test subtitle","author":"admin","preview":"jhkjhkhj","body":"<h3>test</h3>","category":"news3","date":1578197058329},{"title":"test news 2","subtitle":"test subtitle","author":"admin","preview":"jhkjhkhj","body":"<h3>test</h3>","category":"news2","date":1578196556955},{"title":"test news 1","subtitle":"test subtitle","author":"admin","preview":"jhkjhkhj","body":"<h3>test</h3>","category":"news1","date":1577978370694},{"title":"test news 6","subtitle":"test subtitle","author":"admin","preview":"hello6","body":"<h3>test</h3>","category":"news1","date":1578319453757}]