[{"title":"Cloud Secure special","subtitle":"Cloud Secure discount offered","author":"admin","preview":"Cloud Secure startup discount","body":"<p>Cloud Secure is offering a deal of $3.75 per month on startup shared hosting. This deal includes a one time 30 day free trial, so the first month is on us.</p><p>This offer includes unlimited data storage, unlimited transfers, 5 hosted domains and more.</p><p>Lower prices are also offered for yearly signups.</p><p>Visit<a href=https://cloudsecure.host rel=noopener target=_blank title=\"Cloud Secure\">https://cloudsecure.host &nbsp;</a>today.</p>","category":"specials","date":1620098389102},{"title":"Nomatec Hosting special","subtitle":"Nomatec Hosting discount offered","author":"admin","preview":"Nomatec Hosting starter discount","body":"<p>Nomatec Hosting is offering starter shared web hosting for the low price of $33 per year.</p><p>This includes unlimited storage, unlimited data transfers, unlimited sub-domains, 5 MySQL databases with unlimited quota and more.</p><p>Visit<a href=https://www.nomatechosting.com rel=noopener target=_blank title=\"nomatec hosting\">https://www.nomatechosting.com</a>today.</p>","category":"specials","date":1620095884583},{"title":"Nomatec hosting","subtitle":"Nomatec Labs web-hosting service","author":"admin","preview":"Nomatec Labs web-hosting service has been launched","body":"<p>Nomatec Labs web-hosting service has been launched and is online at<a href=https://nomatechosting.com rel=noopener target=_blank title=nomatechosting>https://nomatechosting.com</a>.</p>","category":"general","date":1618865822933},{"title":"Cloud Secure","subtitle":"Cloud Secure web-hosting service","author":"admin","preview":"Cloud Secure web-hosting service has been launched","body":"<p>Cloud Secure web-hosting service has been launched and is online at<a href=https://cloudsecure.host rel=noopener target=_blank title=\"cloud secure\">https://cloudsecure.host</a>. Cloud secure is our latest online web-hosting service for all of your web hosting needs</p>","category":"general","date":1620093596054}]