<?xml version="1.0" encoding="UTF-8"?><root><post><title>Cloud%20Secure%20special</title><subtitle>Cloud%20Secure%20discount%20offered</subtitle><author>admin</author><preview>Cloud%20Secure%20startup%20discount</preview><body>%3Cp%3ECloud%20Secure%20is%20offering%20a%20deal%20of%20%243.75%20per%20month%20on%20startup%20shared%20hosting.%20This%20deal%20includes%20a%20one%20time%2030%20day%20free%20trial%2C%20so%20the%20first%20month%20is%20on%20us.%3C%2Fp%3E%3Cp%3EThis%20offer%20includes%20unlimited%20data%20storage%2C%20unlimited%20transfers%2C%205%20hosted%20domains%20and%20more.%3C%2Fp%3E%3Cp%3ELower%20prices%20are%20also%20offered%20for%20yearly%20signups.%3C%2Fp%3E%3Cp%3EVisit%3Ca%20href%3Dhttps%3A%2F%2Fcloudsecure.host%20rel%3Dnoopener%20target%3D_blank%20title%3D%22Cloud%20Secure%22%3Ehttps%3A%2F%2Fcloudsecure.host%20%26nbsp%3B%3C%2Fa%3Etoday.%3C%2Fp%3E</body><category>specials</category><date>1620098389102</date></post><post><title>Nomatec%20Hosting%20special</title><subtitle>Nomatec%20Hosting%20discount%20offered</subtitle><author>admin</author><preview>Nomatec%20Hosting%20starter%20discount</preview><body>%3Cp%3ENomatec%20Hosting%20is%20offering%20starter%20shared%20web%20hosting%20for%20the%20low%20price%20of%20%2433%20per%20year.%3C%2Fp%3E%3Cp%3EThis%20includes%20unlimited%20storage%2C%20unlimited%20data%20transfers%2C%20unlimited%20sub-domains%2C%205%20MySQL%20databases%20with%20unlimited%20quota%20and%20more.%3C%2Fp%3E%3Cp%3EVisit%3Ca%20href%3Dhttps%3A%2F%2Fwww.nomatechosting.com%20rel%3Dnoopener%20target%3D_blank%20title%3D%22nomatec%20hosting%22%3Ehttps%3A%2F%2Fwww.nomatechosting.com%3C%2Fa%3Etoday.%3C%2Fp%3E</body><category>specials</category><date>1620095884583</date></post><post><title>Nomatec%20hosting</title><subtitle>Nomatec%20Labs%20web-hosting%20service</subtitle><author>admin</author><preview>Nomatec%20Labs%20web-hosting%20service%20has%20been%20launched</preview><body>%3Cp%3ENomatec%20Labs%20web-hosting%20service%20has%20been%20launched%20and%20is%20online%20at%3Ca%20href%3Dhttps%3A%2F%2Fnomatechosting.com%20rel%3Dnoopener%20target%3D_blank%20title%3Dnomatechosting%3Ehttps%3A%2F%2Fnomatechosting.com%3C%2Fa%3E.%3C%2Fp%3E</body><category>general</category><date>1618865822933</date></post><post><title>Cloud%20Secure</title><subtitle>Cloud%20Secure%20web-hosting%20service</subtitle><author>admin</author><preview>Cloud%20Secure%20web-hosting%20service%20has%20been%20launched</preview><body>%3Cp%3ECloud%20Secure%20web-hosting%20service%20has%20been%20launched%20and%20is%20online%20at%3Ca%20href%3Dhttps%3A%2F%2Fcloudsecure.host%20rel%3Dnoopener%20target%3D_blank%20title%3D%22cloud%20secure%22%3Ehttps%3A%2F%2Fcloudsecure.host%3C%2Fa%3E.%20Cloud%20secure%20is%20our%20latest%20online%20web-hosting%20service%20for%20all%20of%20your%20web%20hosting%20needs%3C%2Fp%3E</body><category>general</category><date>1620093596054</date></post></root>