<?xml version="1.0" encoding="UTF-8"?><root><post><title>Nomatec%20hosting</title><subtitle>Nomatec%20Labs%20web-hosting%20service</subtitle><author>admin</author><preview>Nomatec%20Labs%20web-hosting%20service%20has%20been%20launched</preview><body>%3Cp%3ENomatec%20Labs%20web-hosting%20service%20has%20been%20launched%20and%20is%20online%20at%3Ca%20href%3Dhttps%3A%2F%2Fnomatechosting.com%20rel%3Dnoopener%20target%3D_blank%20title%3Dnomatechosting%3Ehttps%3A%2F%2Fnomatechosting.com%3C%2Fa%3E.%3C%2Fp%3E</body><category>general</category><date>1618865822933</date></post><post><title>test%20news%204</title><subtitle>test%20subtitle</subtitle><author>admin</author><preview>jhkjhkhj</preview><body>%3Ch3%3Etest%3C%2Fh3%3E</body><category>news3</category><date>1578197595510</date></post><post><title>test%20news%203</title><subtitle>test%20subtitle</subtitle><author>admin</author><preview>jhkjhkhj</preview><body>%3Ch3%3Etest%3C%2Fh3%3E</body><category>news3</category><date>1578197058329</date></post><post><title>test%20news%202</title><subtitle>test%20subtitle</subtitle><author>admin</author><preview>jhkjhkhj</preview><body>%3Ch3%3Etest%3C%2Fh3%3E</body><category>news2</category><date>1578196556955</date></post><post><title>test%20news%201</title><subtitle>test%20subtitle</subtitle><author>admin</author><preview>jhkjhkhj</preview><body>%3Ch3%3Etest%3C%2Fh3%3E</body><category>news1</category><date>1577978370694</date></post></root>