[{"title":"test3","url":"https://test3.com/1.png","description":"test fail","date":1582252318640},{"title":"sdfsdfsd","url":"https://dsdgf.sdvsd.com","description":"sdfsdfsdf","date":1582204509597},{"title":"afailtest","url":"https://sdfsfsd.com/1.png","description":"test fail img","date":1582198567407},{"title":"test2","description":"description2","url":"https://via.placeholder.com/360x220","date":1582198391831},{"title":"testitem","url":"https://via.placeholder.com/360x240","description":"test item 1","date":1582197563915}]